load_case,scrap_pct,YS_MPa,SF,scale_axial_p1,scale_bending_p2
LC1_vertical_8000lb,50,200.0,0.8121827411167513,1.0,1.0
LC1_vertical_8000lb,55,192.8,0.7829441624365483,1.0373443983402488,1.0185010546583881
LC1_vertical_8000lb,60,185.6,0.7537055837563451,1.0775862068965518,1.0380684981717496
LC1_vertical_8000lb,65,178.4,0.7244670050761421,1.1210762331838564,1.0588088747190667
LC1_vertical_8000lb,70,171.2,0.6952284263959391,1.1682242990654206,1.0808442529177924
LC1_vertical_8000lb,75,164.0,0.665989847715736,1.2195121951219512,1.1043152607484654
LC2_horizontal_8500lb,50,200.0,0.29239766081871343,1.0,1.0
LC2_horizontal_8500lb,55,192.8,0.2818713450292398,1.0373443983402488,1.0185010546583881
LC2_horizontal_8500lb,60,185.6,0.27134502923976606,1.0775862068965518,1.0380684981717496
LC2_horizontal_8500lb,65,178.4,0.2608187134502924,1.1210762331838564,1.0588088747190667
LC2_horizontal_8500lb,70,171.2,0.2502923976608187,1.1682242990654206,1.0808442529177924
LC2_horizontal_8500lb,75,164.0,0.23976608187134502,1.2195121951219512,1.1043152607484654
LC3_angled42_9500lb,50,200.0,0.37976606410451164,1.0,1.0
LC3_angled42_9500lb,55,192.8,0.36609448579674925,1.0373443983402488,1.0185010546583881
LC3_angled42_9500lb,60,185.6,0.3524229074889868,1.0775862068965516,1.0380684981717496
LC3_angled42_9500lb,65,178.4,0.33875132918122436,1.1210762331838566,1.058808874719067
LC3_angled42_9500lb,70,171.2,0.3250797508734619,1.1682242990654208,1.0808442529177924
LC3_angled42_9500lb,75,164.0,0.3114081725656995,1.2195121951219512,1.1043152607484654
